Name,Qashtota,Roz blaban,Cake,Kunafa,Ice cream,Crepe,Golash,Mille Feuille,Topping
Remontada,TRUE,TRUE,FALSE,FALSE,FALSE,FALSE,FALSE,FALSE,Mango
Dubai Kinder,FALSE,FALSE,TRUE,TRUE,FALSE,FALSE,FALSE,FALSE,Kinder
Dubai choco,FALSE,FALSE,TRUE,TRUE,FALSE,FALSE,FALSE,FALSE,Chocolate
Crème de la crème,FALSE,FALSE,TRUE,TRUE,FALSE,FALSE,FALSE,FALSE,Mango
Kabsa,FALSE,FALSE,TRUE,TRUE,FALSE,FALSE,FALSE,FALSE,Chocolate
Cheese Bomb,FALSE,FALSE,FALSE,TRUE,FALSE,FALSE,FALSE,FALSE,Pistachio
Crepe Dubai,FALSE,FALSE,FALSE,TRUE,FALSE,TRUE,FALSE,FALSE,Chocolate
Crepe Dubai mega,FALSE,FALSE,TRUE,TRUE,FALSE,TRUE,FALSE,FALSE,Chocolate
Loaa,FALSE,FALSE,FALSE,FALSE,FALSE,FALSE,FALSE,TRUE,Mango
Dabadebo,FALSE,FALSE,TRUE,FALSE,FALSE,FALSE,FALSE,FALSE,Chocolate
Mambo,FALSE,FALSE,TRUE,TRUE,FALSE,FALSE,FALSE,FALSE,Mango
Roz sada,FALSE,TRUE,FALSE,FALSE,FALSE,FALSE,FALSE,FALSE,None 
Roz mango,FALSE,TRUE,FALSE,FALSE,FALSE,FALSE,FALSE,FALSE,Mango 
Roz Lotus,FALSE,TRUE,FALSE,FALSE,FALSE,FALSE,FALSE,FALSE,Lotus 
Roz choco,FALSE,TRUE,FALSE,FALSE,FALSE,FALSE,FALSE,FALSE,Chocolate
Qashtota sada,TRUE,FALSE,FALSE,FALSE,FALSE,FALSE,FALSE,FALSE,None 
Qashtota mango,TRUE,FALSE,FALSE,FALSE,FALSE,FALSE,FALSE,FALSE,Mango 
Qashtota Lotus,TRUE,FALSE,FALSE,FALSE,FALSE,FALSE,FALSE,FALSE,Lotus 
Qashtota choco,TRUE,FALSE,FALSE,FALSE,FALSE,FALSE,FALSE,FALSE,Chocolate 
Qashtota Roz,TRUE,TRUE,FALSE,FALSE,FALSE,FALSE,FALSE,FALSE,Chocolate
Koshari pistacho,FALSE,TRUE,FALSE,TRUE,FALSE,FALSE,TRUE,FALSE,Pistachio
Koshari mango,FALSE,TRUE,FALSE,TRUE,FALSE,FALSE,TRUE,FALSE,Mango
Koshari choco,FALSE,TRUE,FALSE,TRUE,FALSE,FALSE,TRUE,FALSE,Chocolate
Koshari lotus,FALSE,TRUE,FALSE,TRUE,FALSE,FALSE,TRUE,FALSE,Lotus 
Koshari kinder,FALSE,TRUE,FALSE,TRUE,FALSE,FALSE,TRUE,FALSE,Kinder
